"MMM (3M): Shares Bought this Year: 118,662,190, Shares Sold this Year: 82,846,127"
"ABT (Abbott Laboratories): Shares Bought this Year: 278,355,071, Shares Sold this Year: 214,190,814"
"ABBV (AbbVie): Shares Bought this Year: 368,463,024, Shares Sold this Year: 233,750,380"
"ABMD (Abiomed): Shares Bought this Year: 15,403,932, Shares Sold this Year: 11,713,154"
"ACN (Accenture): Shares Bought this Year: 95,791,728, Shares Sold this Year: 68,595,956"
"ATVI (Activision Blizzard): Shares Bought this Year: 256,870,966, Shares Sold this Year: 168,201,094"
"ADBE (Adobe): Shares Bought this Year: 94,604,457, Shares Sold this Year: 71,050,793"
"AMD (Advanced Micro Devices): Shares Bought this Year: 262,479,281, Shares Sold this Year: 208,256,186"
"AAP (Advance Auto Parts): Shares Bought this Year: 29,006,881, Shares Sold this Year: 25,139,421"
"AES (AES): Shares Bought this Year: 224,741,699, Shares Sold this Year: 159,452,773"
"AFL (Aflac): Shares Bought this Year: 160,090,583, Shares Sold this Year: 134,304,348"
"APD (Air Products and Chemicals): Shares Bought this Year: 50,824,756, Shares Sold this Year: 38,587,290"
"ALK (Alaska Air Group): Shares Bought this Year: 69,909,104, Shares Sold this Year: 47,125,819"
"ALB (Albemarle): Shares Bought this Year: 37,647,883, Shares Sold this Year: 34,604,449"
"ARE (Alexandria Real Estate Equities): Shares Bought this Year: 72,160,262, Shares Sold this Year: 22,791,457"
"ALGN (Align Technology): Shares Bought this Year: 44,880,075, Shares Sold this Year: 19,674,800"
"ALLE (Allegion): Shares Bought this Year: 33,624,625, Shares Sold this Year: 25,382,912"
"LNT (Alliant Energy): Shares Bought this Year: 65,826,830, Shares Sold this Year: 44,162,125"
"ALL (Allstate): Shares Bought this Year: 101,435,495, Shares Sold this Year: 78,370,329"
"AMZN (Amazon.com): Shares Bought this Year: 172,000,773, Shares Sold this Year: 67,893,393"
"AMCR (Amcor): Shares Bought this Year: 261,949,719, Shares Sold this Year: 162,177,727"
"AEE (Ameren): Shares Bought this Year: 73,428,407, Shares Sold this Year: 54,009,448"
"AAL (American Airlines Group): Shares Bought this Year: 126,723,621, Shares Sold this Year: 120,215,803"
"AEP (American Electric Power): Shares Bought this Year: 113,360,689, Shares Sold this Year: 61,962,246"
"AXP (American Express): Shares Bought this Year: 183,159,175, Shares Sold this Year: 129,075,757"
"AIG (American International Group): Shares Bought this Year: 182,358,187, Shares Sold this Year: 156,512,613"
"AMT (American Tower): Shares Bought this Year: 102,721,883, Shares Sold this Year: 72,174,112"
"AWK (American Water Works): Shares Bought this Year: 70,948,300, Shares Sold this Year: 29,507,880"
"AMP (Ameriprise Financial): Shares Bought this Year: 30,553,569, Shares Sold this Year: 21,772,389"
"ABC (AmerisourceBergen): Shares Bought this Year: 49,346,514, Shares Sold this Year: 46,721,584"
"AME (AMETEK): Shares Bought this Year: 63,683,980, Shares Sold this Year: 45,081,807"
"AMGN (Amgen): Shares Bought this Year: 133,192,274, Shares Sold this Year: 70,604,617"
"APH (Amphenol): Shares Bought this Year: 271,716,786, Shares Sold this Year: 59,491,040"
"ADI (Analog Devices): Shares Bought this Year: 186,927,017, Shares Sold this Year: 53,260,181"
"ANSS (ANSYS): Shares Bought this Year: 21,398,293, Shares Sold this Year: 14,069,599"
"AON (AON): Shares Bought this Year: 63,682,273, Shares Sold this Year: 58,166,968"
"AOS (A. O. Smith): Shares Bought this Year: 60,290,804, Shares Sold this Year: 42,625,485"
"APA (APA): Shares Bought this Year: 139,638,721, Shares Sold this Year: 115,729,699"
"AAPL (Apple): Shares Bought this Year: 2,786,459,276, Shares Sold this Year: 668,442,745"
"AMAT (Applied Materials): Shares Bought this Year: 287,504,707, Shares Sold this Year: 207,830,771"
"APTV (Aptiv): Shares Bought this Year: 91,974,453, Shares Sold this Year: 48,812,977"
"ADM (Archer-Daniels-Midland): Shares Bought this Year: 151,314,934, Shares Sold this Year: 91,295,597"
"ANET (Arista Networks): Shares Bought this Year: 22,860,238, Shares Sold this Year: 18,688,662"
"AJG (Arthur J. Gallagher & Co.): Shares Bought this Year: 59,371,633, Shares Sold this Year: 34,887,821"
"AIZ (Assurant): Shares Bought this Year: 16,973,772, Shares Sold this Year: 14,767,370"
"T (AT&T): Shares Bought this Year: 782,208,980, Shares Sold this Year: 688,537,811"
"ATO (Atmos Energy): Shares Bought this Year: 38,030,816, Shares Sold this Year: 29,696,580"
"ADSK (Autodesk): Shares Bought this Year: 67,277,074, Shares Sold this Year: 39,743,555"
"ADP (Automatic Data Processing): Shares Bought this Year: 135,092,450, Shares Sold this Year: 65,886,344"
"AZO (AutoZone): Shares Bought this Year: 61,445,421, Shares Sold this Year: 6,570,532"
"AVB (AvalonBay Communities): Shares Bought this Year: 99,459,869, Shares Sold this Year: 53,461,046"
"AVY (Avery Dennison): Shares Bought this Year: 26,624,919, Shares Sold this Year: 24,583,389"
"BKR (Baker Hughes): Shares Bought this Year: 870,137,434, Shares Sold this Year: 215,821,871"
"BLL (Ball): Shares Bought this Year: 166,194,756, Shares Sold this Year: 67,591,929"
"BAC (Bank of America): Shares Bought this Year: 1,032,817,205, Shares Sold this Year: 814,956,248"
"BAX (Baxter International): Shares Bought this Year: 148,884,547, Shares Sold this Year: 81,440,101"
"BDX (Becton, Dickinson and): Shares Bought this Year: 160,699,242, Shares Sold this Year: 47,196,340"
"BBY (Best Buy): Shares Bought this Year: 76,287,123, Shares Sold this Year: 61,055,143"
"BIO (Bio-Rad Laboratories): Shares Bought this Year: 17,533,093, Shares Sold this Year: 6,184,685"
"TECH (Bio-Techne): Shares Bought this Year: 12,995,025, Shares Sold this Year: 11,026,211"
"BK (Bank of New York Mellon): Shares Bought this Year: 262,165,077, Shares Sold this Year: 201,381,341"
"BA (Boeing): Shares Bought this Year: 204,096,564, Shares Sold this Year: 80,703,241"
"BWA (BorgWarner): Shares Bought this Year: 113,611,401, Shares Sold this Year: 62,367,837"
"BXP (Boston Properties): Shares Bought this Year: 171,691,106, Shares Sold this Year: 43,899,842"
"BSX (Boston Scientific): Shares Bought this Year: 503,127,437, Shares Sold this Year: 300,124,064"
"BMY (Bristol-Myers Squibb): Shares Bought this Year: 417,659,218, Shares Sold this Year: 348,997,626"
"AVGO (Broadcom): Shares Bought this Year: 68,035,667, Shares Sold this Year: 52,169,678"
"BR (Broadridge Financial Solutions): Shares Bought this Year: 33,789,838, Shares Sold this Year: 27,384,179"
"BRO (Brown & Brown): Shares Bought this Year: 65,062,954, Shares Sold this Year: 52,340,337"
"CHRW (C.H. Robinson Worldwide): Shares Bought this Year: 50,247,888, Shares Sold this Year: 40,033,065"
"CDNS (Cadence Design Systems): Shares Bought this Year: 211,526,413, Shares Sold this Year: 62,557,784"
"CPB (Campbell Soup): Shares Bought this Year: 202,013,310, Shares Sold this Year: 58,276,320"
"CAH (Cardinal Health): Shares Bought this Year: 83,492,364, Shares Sold this Year: 80,419,347"
"KMX (CarMax): Shares Bought this Year: 43,513,544, Shares Sold this Year: 35,433,153"
"CCL (Carnival Co. &): Shares Bought this Year: 416,569,179, Shares Sold this Year: 193,077,189"
"CARR (Carrier Global): Shares Bought this Year: 478,467,101, Shares Sold this Year: 131,560,787"
"CTLT (Catalent): Shares Bought this Year: 55,450,889, Shares Sold this Year: 39,824,555"
"CAT (Caterpillar): Shares Bought this Year: 247,755,167, Shares Sold this Year: 86,488,959"
"CBOE (Cboe Global Markets): Shares Bought this Year: 21,488,310, Shares Sold this Year: 16,077,859"
"CBRE (CBRE Group): Shares Bought this Year: 92,822,533, Shares Sold this Year: 87,718,173"
"CDW (CDW): Shares Bought this Year: 50,413,300, Shares Sold this Year: 36,387,162"
"CE (Celanese): Shares Bought this Year: 32,441,278, Shares Sold this Year: 29,729,768"
"CNC (Centene): Shares Bought this Year: 247,152,365, Shares Sold this Year: 132,325,365"
"CNP (CenterPoint Energy): Shares Bought this Year: 237,254,439, Shares Sold this Year: 124,050,510"
"CERN (Cerner): Shares Bought this Year: 110,502,500, Shares Sold this Year: 74,909,809"
"CF (CF Industries): Shares Bought this Year: 83,739,652, Shares Sold this Year: 65,186,268"
"CRL (Charles River Laboratories International): Shares Bought this Year: 24,139,750, Shares Sold this Year: 17,463,264"
"SCHW (Charles Schwab): Shares Bought this Year: 451,301,989, Shares Sold this Year: 243,777,847"
"CVX (Chevron): Shares Bought this Year: 441,582,688, Shares Sold this Year: 243,217,974"
"CMG (Chipotle Mexican Grill): Shares Bought this Year: 178,529,144, Shares Sold this Year: 7,714,567"
"CHD (Church & Dwight): Shares Bought this Year: 254,146,326, Shares Sold this Year: 58,093,495"
"CI (Cigna): Shares Bought this Year: 211,327,100, Shares Sold this Year: 60,771,241"
"CINF (Cincinnati Financial): Shares Bought this Year: 32,793,020, Shares Sold this Year: 32,009,388"
"CTAS (Cintas): Shares Bought this Year: 20,230,252, Shares Sold this Year: 18,021,706"
"CSCO (Cisco Systems): Shares Bought this Year: 739,641,239, Shares Sold this Year: 547,360,488"
"C (Citigroup): Shares Bought this Year: 563,555,659, Shares Sold this Year: 372,534,772"
"CFG (Citizens Financial Group): Shares Bought this Year: 345,624,033, Shares Sold this Year: 140,728,295"
"CTXS (Citrix Systems): Shares Bought this Year: 68,168,204, Shares Sold this Year: 49,673,907"
"CLX (Clorox): Shares Bought this Year: 232,358,987, Shares Sold this Year: 35,039,548"
"CME (CME Group): Shares Bought this Year: 78,088,779, Shares Sold this Year: 64,150,471"
"CMS (CMS Energy): Shares Bought this Year: 219,984,100, Shares Sold this Year: 73,605,465"
"KO (Coca-Cola): Shares Bought this Year: 764,426,823, Shares Sold this Year: 405,139,070"
"CTSH (Cognizant Technology Solutions): Shares Bought this Year: 383,439,011, Shares Sold this Year: 118,349,970"
"CL (Colgate-Palmolive): Shares Bought this Year: 362,436,906, Shares Sold this Year: 145,897,131"
"CMA (Comerica): Shares Bought this Year: 54,696,569, Shares Sold this Year: 41,419,753"
"CAG (Conagra Brands): Shares Bought this Year: 334,593,743, Shares Sold this Year: 85,519,503"
"COP (ConocoPhillips): Shares Bought this Year: 305,039,253, Shares Sold this Year: 202,717,566"
"ED (Consolidated Edison): Shares Bought this Year: 280,066,389, Shares Sold this Year: 41,128,717"
"STZ (Constellation Brands): Shares Bought this Year: 46,763,225, Shares Sold this Year: 33,911,544"
"COO (Cooper Companies): Shares Bought this Year: 16,432,854, Shares Sold this Year: 11,656,581"
"CPRT (Copart): Shares Bought this Year: 74,024,808, Shares Sold this Year: 49,971,828"
"GLW (Corning): Shares Bought this Year: 392,269,302, Shares Sold this Year: 123,121,716"
"CTVA (Corteva): Shares Bought this Year: 184,336,852, Shares Sold this Year: 181,012,001"
"COST (Costco Wholesale): Shares Bought this Year: 67,587,963, Shares Sold this Year: 54,749,444"
"CCI (Crown Castle International): Shares Bought this Year: 80,264,426, Shares Sold this Year: 61,190,152"
"CSX (CSX): Shares Bought this Year: 965,770,553, Shares Sold this Year: 133,853,786"
"CMI (Cummins): Shares Bought this Year: 271,793,511, Shares Sold this Year: 43,297,167"
"CVS (CVS Health): Shares Bought this Year: 389,654,342, Shares Sold this Year: 197,114,543"
"DHI (D.R. Horton): Shares Bought this Year: 106,857,745, Shares Sold this Year: 85,458,885"
"DHR (Danaher): Shares Bought this Year: 105,267,059, Shares Sold this Year: 82,231,880"
"DRI (Darden Restaurants): Shares Bought this Year: 65,086,331, Shares Sold this Year: 48,244,824"
"DVA (DaVita): Shares Bought this Year: 35,705,271, Shares Sold this Year: 33,388,530"
"DE (Deere & Company): Shares Bought this Year: 56,874,429, Shares Sold this Year: 49,053,158"
"DAL (Delta Air Lines): Shares Bought this Year: 168,619,202, Shares Sold this Year: 162,454,457"
"XRAY (DENTSPLY SIRONA): Shares Bought this Year: 93,136,126, Shares Sold this Year: 60,038,590"
"DVN (Devon Energy): Shares Bought this Year: 370,168,778, Shares Sold this Year: 125,388,994"
"FANG (Diamondback Energy): Shares Bought this Year: 84,502,970, Shares Sold this Year: 56,881,702"
"DLR (Digital Realty Trust): Shares Bought this Year: 109,847,356, Shares Sold this Year: 46,508,023"
"DFS (Discover Financial Services): Shares Bought this Year: 119,646,940, Shares Sold this Year: 94,110,475"
"DISH (DISH Network): Shares Bought this Year: 94,107,986, Shares Sold this Year: 59,352,792"
"DG (Dollar General): Shares Bought this Year: 2,197,325,203, Shares Sold this Year: 75,301,720"
"DLTR (Dollar Tree): Shares Bought this Year: 88,121,474, Shares Sold this Year: 68,167,937"
"D (Dominion Energy): Shares Bought this Year: 146,263,562, Shares Sold this Year: 99,057,245"
"DPZ (Domino's Pizza): Shares Bought this Year: 21,151,773, Shares Sold this Year: 14,708,212"
"DOV (Dover): Shares Bought this Year: 36,479,248, Shares Sold this Year: 27,876,032"
"DOW (DOW): Shares Bought this Year: 84,581,417, Shares Sold this Year: 64,535,811"
"DTE (DTE Energy): Shares Bought this Year: 44,649,919, Shares Sold this Year: 37,541,375"
"DUK (Duke Energy): Shares Bought this Year: 105,107,411, Shares Sold this Year: 76,153,144"
"DRE (Duke Realty): Shares Bought this Year: 111,517,775, Shares Sold this Year: 77,591,926"
"DXC (DXC Technology): Shares Bought this Year: 141,102,456, Shares Sold this Year: 119,149,105"
"EMN (Eastman Chemical): Shares Bought this Year: 46,071,408, Shares Sold this Year: 29,486,545"
"ETN (Eaton): Shares Bought this Year: 85,256,500, Shares Sold this Year: 70,467,716"
"EBAY (eBay): Shares Bought this Year: 268,537,845, Shares Sold this Year: 266,800,745"
"ECL (Ecolab): Shares Bought this Year: 54,530,508, Shares Sold this Year: 45,095,717"
"EIX (Edison International): Shares Bought this Year: 137,548,025, Shares Sold this Year: 66,751,274"
"EW (Edwards Lifesciences): Shares Bought this Year: 285,965,799, Shares Sold this Year: 77,193,371"
"EA (Electronic Arts): Shares Bought this Year: 122,561,279, Shares Sold this Year: 80,942,478"
"EMR (Emerson Electric): Shares Bought this Year: 123,805,822, Shares Sold this Year: 87,816,419"
"ENPH (Enphase Energy): Shares Bought this Year: 64,545,487, Shares Sold this Year: 44,096,905"
"ETR (Entergy): Shares Bought this Year: 65,037,155, Shares Sold this Year: 54,420,543"
"EOG (EOG Resources): Shares Bought this Year: 194,436,273, Shares Sold this Year: 127,711,290"
"EFX (Equifax): Shares Bought this Year: 35,149,169, Shares Sold this Year: 29,855,551"
"EQIX (Equinix): Shares Bought this Year: 26,279,599, Shares Sold this Year: 17,955,450"
"EQR (Equity Residential): Shares Bought this Year: 150,196,086, Shares Sold this Year: 101,915,515"
"ESS (Essex Property Trust): Shares Bought this Year: 20,972,338, Shares Sold this Year: 18,854,922"
"EL (Est√©e Lauder Companies): Shares Bought this Year: 74,035,547, Shares Sold this Year: 50,028,007"
"ETSY (Etsy): Shares Bought this Year: 78,235,212, Shares Sold this Year: 63,646,477"
"EVRG (Evergy): Shares Bought this Year: 95,089,924, Shares Sold this Year: 76,437,875"
"ES (Eversource Energy): Shares Bought this Year: 91,111,481, Shares Sold this Year: 51,071,311"
"RE (Everest Re Group): Shares Bought this Year: 16,210,917, Shares Sold this Year: 14,900,315"
"EXC (Exelon): Shares Bought this Year: 218,741,158, Shares Sold this Year: 162,427,647"
"EXPD (Expeditors International of Washington): Shares Bought this Year: 63,897,567, Shares Sold this Year: 38,747,228"
"EXR (Extra Space Storage): Shares Bought this Year: 40,620,254, Shares Sold this Year: 33,060,766"
"XOM (Exxon Mobil): Shares Bought this Year: 501,992,717, Shares Sold this Year: 456,344,812"
"FFIV (F5 Networks): Shares Bought this Year: 25,802,203, Shares Sold this Year: 20,500,735"
"FAST (Fastenal): Shares Bought this Year: 135,770,638, Shares Sold this Year: 106,860,351"
"FRT (Federal Realty Investment Trust): Shares Bought this Year: 36,083,041, Shares Sold this Year: 19,764,798"
"FIS (Fidelity National Information Services): Shares Bought this Year: 188,589,727, Shares Sold this Year: 146,058,665"
"FITB (Fifth Third Bancorp): Shares Bought this Year: 204,971,905, Shares Sold this Year: 148,137,020"
"FRC (First Republic Bank): Shares Bought this Year: 47,845,753, Shares Sold this Year: 39,715,034"
"FISV (Fiserv): Shares Bought this Year: 329,130,306, Shares Sold this Year: 174,639,453"
"FLT (FLEETCOR Technologies): Shares Bought this Year: 32,660,337, Shares Sold this Year: 32,135,835"
"FMC (FMC): Shares Bought this Year: 44,434,567, Shares Sold this Year: 29,673,913"
"FTNT (Fortinet): Shares Bought this Year: 78,057,536, Shares Sold this Year: 44,136,459"
"FBHS (Fortune Brands Home & Security): Shares Bought this Year: 46,460,015, Shares Sold this Year: 31,949,883"
"FOXA (FOX): Shares Bought this Year: 188,941,824, Shares Sold this Year: 112,392,208"
"FOX (FOX): Shares Bought this Year: 63,267,487, Shares Sold this Year: 52,023,799"
"BEN (Franklin Resources): Shares Bought this Year: 96,744,324, Shares Sold this Year: 74,263,371"
"FCX (Freeport-McMoRan): Shares Bought this Year: 508,599,020, Shares Sold this Year: 374,117,878"
"GPS (Gap): Shares Bought this Year: 70,104,887, Shares Sold this Year: 65,816,666"
"GRMN (Garmin): Shares Bought this Year: 34,426,054, Shares Sold this Year: 21,316,472"
"GNRC (Generac): Shares Bought this Year: 44,374,784, Shares Sold this Year: 33,381,536"
"GD (General Dynamics): Shares Bought this Year: 56,094,060, Shares Sold this Year: 50,116,351"
"GIS (General Mills): Shares Bought this Year: 167,331,382, Shares Sold this Year: 123,467,069"
"GM (General Motors): Shares Bought this Year: 387,390,802, Shares Sold this Year: 227,496,118"
"GPC (Genuine Parts): Shares Bought this Year: 36,201,788, Shares Sold this Year: 33,595,055"
"GILD (Gilead Sciences): Shares Bought this Year: 388,218,595, Shares Sold this Year: 231,397,189"
"GL (Globe Life): Shares Bought this Year: 30,930,715, Shares Sold this Year: 19,410,636"
"GPN (Global Payments): Shares Bought this Year: 88,231,567, Shares Sold this Year: 61,540,317"
"GS (The Goldman Sachs Group): Shares Bought this Year: 73,456,837, Shares Sold this Year: 57,652,627"
"GWW (W.W. Grainger): Shares Bought this Year: 12,621,237, Shares Sold this Year: 9,182,488"
"HAL (Halliburton): Shares Bought this Year: 240,731,883, Shares Sold this Year: 174,152,058"
"HBI (Hanesbrands): Shares Bought this Year: 167,349,650, Shares Sold this Year: 126,574,798"
"HIG (The Hartford Financial Services Group): Shares Bought this Year: 123,808,961, Shares Sold this Year: 112,602,073"
"HAS (Hasbro): Shares Bought this Year: 47,498,640, Shares Sold this Year: 29,456,162"
"PEAK (Healthpeak Properties): Shares Bought this Year: 367,650,699, Shares Sold this Year: 121,561,914"
"HSY (Hershey): Shares Bought this Year: 41,645,185, Shares Sold this Year: 30,631,812"
"HES (Hess): Shares Bought this Year: 79,837,871, Shares Sold this Year: 45,460,949"
"HPE (Hewlett Packard Enterprise): Shares Bought this Year: 323,289,839, Shares Sold this Year: 237,345,718"
"HLT (Hilton Worldwide): Shares Bought this Year: 110,079,015, Shares Sold this Year: 92,683,198"
"HOLX (Hologic): Shares Bought this Year: 93,006,197, Shares Sold this Year: 83,418,792"
"HD (Home Depot): Shares Bought this Year: 144,677,004, Shares Sold this Year: 122,346,465"
"HRL (Hormel Foods): Shares Bought this Year: 74,271,008, Shares Sold this Year: 57,512,978"
"HST (Host Hotels & Resorts): Shares Bought this Year: 409,170,450, Shares Sold this Year: 266,029,231"
"HWM (Howmet Aerospace): Shares Bought this Year: 202,888,734, Shares Sold this Year: 70,256,879"
"HPQ (HP): Shares Bought this Year: 409,414,897, Shares Sold this Year: 358,686,506"
"HUM (Humana): Shares Bought this Year: 43,025,945, Shares Sold this Year: 38,618,152"
"HBAN (Huntington Bancshares): Shares Bought this Year: 589,052,141, Shares Sold this Year: 220,905,021"
"HII (Huntington Ingalls Industries): Shares Bought this Year: 16,207,151, Shares Sold this Year: 12,479,730"
"IEX (IDEX): Shares Bought this Year: 27,238,540, Shares Sold this Year: 18,259,718"
"IDXX (IDEXX Laboratories): Shares Bought this Year: 19,259,821, Shares Sold this Year: 16,202,666"
"ITW (Illinois Tool Works): Shares Bought this Year: 46,893,890, Shares Sold this Year: 34,150,781"
"INCY (Incyte): Shares Bought this Year: 52,103,218, Shares Sold this Year: 44,539,186"
"IR (Ingersoll Rand): Shares Bought this Year: 263,946,294, Shares Sold this Year: 138,713,102"
"INTC (Intel): Shares Bought this Year: 644,501,907, Shares Sold this Year: 602,681,207"
"ICE (Intercontinental Exchange): Shares Bought this Year: 172,995,820, Shares Sold this Year: 113,911,100"
"IBM (International Business Machines): Shares Bought this Year: 62,676,711, Shares Sold this Year: 42,787,133"
"IP (International Paper): Shares Bought this Year: 88,435,713, Shares Sold this Year: 78,378,125"
"IFF (International Flavors & Fragrances): Shares Bought this Year: 141,939,219, Shares Sold this Year: 33,553,432"
"INTU (Intuit): Shares Bought this Year: 61,693,749, Shares Sold this Year: 44,195,299"
"ISRG (Intuitive Surgical): Shares Bought this Year: 32,902,235, Shares Sold this Year: 20,306,829"
"IVZ (Invesco): Shares Bought this Year: 139,610,913, Shares Sold this Year: 113,093,789"
"IPGP (IPG Photonics): Shares Bought this Year: 14,997,696, Shares Sold this Year: 9,704,446"
"IQV (IQVIA): Shares Bought this Year: 69,370,620, Shares Sold this Year: 51,939,977"
"IRM (Iron Mountain): Shares Bought this Year: 79,213,995, Shares Sold this Year: 50,852,645"
"J (Jacobs Engineering Group): Shares Bought this Year: 62,500,908, Shares Sold this Year: 16,276,208"
"JBHT (J.B. Hunt Transport Services): Shares Bought this Year: 32,622,591, Shares Sold this Year: 19,841,754"
"SJM (J. M. Smucker): Shares Bought this Year: 34,653,143, Shares Sold this Year: 25,183,271"
"JNPR (Juniper Networks): Shares Bought this Year: 120,372,653, Shares Sold this Year: 84,822,391"
"KSU (Kansas City Southern): Shares Bought this Year: 43,331,918, Shares Sold this Year: 41,565,777"
"K (Kellogg): Shares Bought this Year: 82,474,744, Shares Sold this Year: 62,486,595"
"KEY (KeyCorp): Shares Bought this Year: 251,562,890, Shares Sold this Year: 212,796,473"
"KEYS (Keysight Technologies): Shares Bought this Year: 60,880,705, Shares Sold this Year: 48,861,856"
"KMB (Kimberly-Clark): Shares Bought this Year: 85,508,957, Shares Sold this Year: 71,998,949"
"KIM (Kimco Realty): Shares Bought this Year: 247,093,075, Shares Sold this Year: 110,783,700"
"KMI (Kinder Morgan): Shares Bought this Year: 442,564,759, Shares Sold this Year: 373,827,136"
"KLAC (KLA): Shares Bought this Year: 36,723,719, Shares Sold this Year: 31,128,539"
"KHC (Kraft Heinz): Shares Bought this Year: 179,332,798, Shares Sold this Year: 92,193,870"
"KR (Kroger): Shares Bought this Year: 242,636,970, Shares Sold this Year: 237,151,907"
"LHX (L3Harris Technologies): Shares Bought this Year: 86,424,681, Shares Sold this Year: 52,017,752"
"LH (Laboratory Co. of America): Shares Bought this Year: 31,369,651, Shares Sold this Year: 28,985,235"
"LW (Lamb Weston): Shares Bought this Year: 69,582,743, Shares Sold this Year: 54,919,920"
"LVS (Las Vegas Sands): Shares Bought this Year: 201,641,813, Shares Sold this Year: 116,875,674"
"LEG (Leggett & Platt): Shares Bought this Year: 42,421,442, Shares Sold this Year: 31,306,207"
"LDOS (Leidos): Shares Bought this Year: 48,105,591, Shares Sold this Year: 32,201,108"
"LEN (Lennar): Shares Bought this Year: 56,895,441, Shares Sold this Year: 44,018,511"
"LLY (Eli Lilly and): Shares Bought this Year: 165,777,397, Shares Sold this Year: 133,442,061"
"LNC (Lincoln National): Shares Bought this Year: 61,123,319, Shares Sold this Year: 45,765,544"
"LIN (Linde): Shares Bought this Year: 94,619,721, Shares Sold this Year: 81,705,959"
"LKQ (LKQ): Shares Bought this Year: 163,838,704, Shares Sold this Year: 75,602,643"
"LMT (Lockheed Martin): Shares Bought this Year: 43,782,023, Shares Sold this Year: 41,333,216"
"L (Loews): Shares Bought this Year: 52,216,199, Shares Sold this Year: 43,451,634"
"LOW (Lowe's Companies): Shares Bought this Year: 145,356,703, Shares Sold this Year: 136,214,611"
"LUMN (Lumen Technologies): Shares Bought this Year: 803,881,611, Shares Sold this Year: 132,004,242"
"LYB (LyondellBasell Industries): Shares Bought this Year: 85,454,627, Shares Sold this Year: 70,635,115"
"MTB (M&T Bank): Shares Bought this Year: 38,812,544, Shares Sold this Year: 21,542,915"
"MRO (Marathon Oil): Shares Bought this Year: 211,574,144, Shares Sold this Year: 179,334,945"
"MPC (Marathon Petroleum): Shares Bought this Year: 196,221,487, Shares Sold this Year: 166,651,655"
"MKTX (MarketAxess): Shares Bought this Year: 15,076,017, Shares Sold this Year: 11,063,381"
"MAR (Marriott International): Shares Bought this Year: 87,687,156, Shares Sold this Year: 53,531,768"
"MMC (Marsh & McLennan Companies): Shares Bought this Year: 106,194,016, Shares Sold this Year: 71,086,427"
"MLM (Martin Marietta Materials): Shares Bought this Year: 22,393,811, Shares Sold this Year: 18,633,797"
"MAS (Masco): Shares Bought this Year: 107,695,128, Shares Sold this Year: 102,911,226"
"MA (Mastercard): Shares Bought this Year: 162,276,962, Shares Sold this Year: 130,249,343"
"MTCH (Match Group): Shares Bought this Year: 171,364,970, Shares Sold this Year: 58,493,501"
"MKC (McCormick & Company, Incorporated): Shares Bought this Year: 80,208,728, Shares Sold this Year: 25,077,262"
"MCD (McDonald's): Shares Bought this Year: 116,445,976, Shares Sold this Year: 85,389,075"
"MDT (Medtronic): Shares Bought this Year: 234,616,996, Shares Sold this Year: 184,367,969"
"MRK (Merck & Co., Inc.): Shares Bought this Year: 433,025,042, Shares Sold this Year: 363,936,525"
"FB (Facebook): Shares Bought this Year: 382,007,724, Shares Sold this Year: 220,058,594"
"MTD (Mettler-Toledo International): Shares Bought this Year: 5,658,087, Shares Sold this Year: 4,704,158"
"MSFT (Microsoft): Shares Bought this Year: 820,768,114, Shares Sold this Year: 574,651,902"
"MAA (Mid-America Apartment Communities): Shares Bought this Year: 32,349,266, Shares Sold this Year: 31,424,014"
"MHK (Mohawk Industries): Shares Bought this Year: 29,588,210, Shares Sold this Year: 16,504,230"
"TAP (Molson Coors Beverage): Shares Bought this Year: 69,706,659, Shares Sold this Year: 40,925,524"
"MDLZ (Mondelez International): Shares Bought this Year: 265,016,317, Shares Sold this Year: 224,757,364"
"MPWR (Monolithic Power Systems): Shares Bought this Year: 22,623,800, Shares Sold this Year: 15,425,266"
"MNST (Monster Beverage): Shares Bought this Year: 110,384,162, Shares Sold this Year: 96,731,907"
"MCO (Moody's): Shares Bought this Year: 40,025,361, Shares Sold this Year: 28,697,230"
"MS (Morgan Stanley): Shares Bought this Year: 348,740,651, Shares Sold this Year: 281,261,306"
"MOS (Mosaic): Shares Bought this Year: 169,612,952, Shares Sold this Year: 93,169,261"
"MSI (Motorola Solutions): Shares Bought this Year: 57,154,405, Shares Sold this Year: 43,536,006"
"MSCI (MSCI): Shares Bought this Year: 22,769,820, Shares Sold this Year: 19,689,641"
"NDAQ (Nasdaq): Shares Bought this Year: 28,140,796, Shares Sold this Year: 24,732,909"
"NTAP (NetApp): Shares Bought this Year: 76,256,100, Shares Sold this Year: 64,895,990"
"NFLX (Netflix): Shares Bought this Year: 109,240,259, Shares Sold this Year: 55,980,666"
"NWL (Newell Brands): Shares Bought this Year: 123,638,813, Shares Sold this Year: 85,266,701"
"NWSA (News): Shares Bought this Year: 134,670,469, Shares Sold this Year: 101,545,685"
"NWS (News): Shares Bought this Year: 24,891,001, Shares Sold this Year: 11,423,489"
"NEE (NextEra Energy): Shares Bought this Year: 436,211,040, Shares Sold this Year: 90,609,853"
"NLSN (Nielsen): Shares Bought this Year: 162,229,449, Shares Sold this Year: 101,266,249"
"NKE (NIKE): Shares Bought this Year: 265,814,537, Shares Sold this Year: 205,193,964"
"NI (NiSource): Shares Bought this Year: 170,421,972, Shares Sold this Year: 101,376,004"
"NSC (Norfolk Southern): Shares Bought this Year: 50,549,504, Shares Sold this Year: 35,424,814"
"NTRS (Northern Trust): Shares Bought this Year: 43,384,414, Shares Sold this Year: 35,249,070"
"NOC (Northrop Grumman): Shares Bought this Year: 37,942,829, Shares Sold this Year: 32,049,718"
"NLOK (NortonLifeLock): Shares Bought this Year: 525,988,434, Shares Sold this Year: 183,358,126"
"NCLH (Norwegian Cruise Line): Shares Bought this Year: 107,528,357, Shares Sold this Year: 85,985,748"
"NUE (Nucor): Shares Bought this Year: 64,078,694, Shares Sold this Year: 55,765,790"
"NVDA (NVIDIA): Shares Bought this Year: 642,037,951, Shares Sold this Year: 63,297,391"
"NVR (NVR): Shares Bought this Year: 1,524,008, Shares Sold this Year: 1,080,436"
"NXP (Nuveen Select Tax-Free Income Portfolio): Shares Bought this Year: 869,708, Shares Sold this Year: 413,349"
"ORLY (O'Reilly Automotive): Shares Bought this Year: 22,147,345, Shares Sold this Year: 20,710,096"
"OXY (Occidental Petroleum): Shares Bought this Year: 191,492,107, Shares Sold this Year: 172,933,556"
"ODFL (Old Dominion Freight Line): Shares Bought this Year: 47,625,932, Shares Sold this Year: 22,840,289"
"OKE (ONEOK): Shares Bought this Year: 114,935,993, Shares Sold this Year: 91,567,107"
"OTIS (Otis Worldwide): Shares Bought this Year: 217,644,469, Shares Sold this Year: 73,907,398"
"PCAR (PACCAR): Shares Bought this Year: 95,675,404, Shares Sold this Year: 66,462,087"
"PKG (Packaging Co. of America): Shares Bought this Year: 26,929,279, Shares Sold this Year: 22,187,878"
"PH (Parker-Hannifin): Shares Bought this Year: 41,616,966, Shares Sold this Year: 36,984,392"
"PAYX (Paychex): Shares Bought this Year: 74,756,599, Shares Sold this Year: 54,363,132"
"PAYC (Paycom Software): Shares Bought this Year: 21,095,660, Shares Sold this Year: 17,445,370"
"PYPL (PayPal): Shares Bought this Year: 222,504,093, Shares Sold this Year: 177,420,630"
"PNR (Pentair): Shares Bought this Year: 72,958,876, Shares Sold this Year: 36,780,151"
"PBCT (People's United Financial): Shares Bought this Year: 149,176,078, Shares Sold this Year: 123,874,429"
"PEP (PepsiCo): Shares Bought this Year: 207,654,104, Shares Sold this Year: 142,262,504"
"PKI (PerkinElmer): Shares Bought this Year: 39,218,893, Shares Sold this Year: 22,936,983"
"PFE (Pfizer): Shares Bought this Year: 816,113,186, Shares Sold this Year: 643,198,488"
"PM (Philip Morris International): Shares Bought this Year: 226,214,523, Shares Sold this Year: 179,901,305"
"PSX (Phillips 66): Shares Bought this Year: 99,143,632, Shares Sold this Year: 86,495,113"
"PNW (Pinnacle West Capital): Shares Bought this Year: 36,064,475, Shares Sold this Year: 32,688,664"
"PXD (Pioneer Natural Resources): Shares Bought this Year: 85,048,294, Shares Sold this Year: 33,335,022"
"POOL (Pool): Shares Bought this Year: 14,489,059, Shares Sold this Year: 12,021,987"
"PPG (PPG Industries): Shares Bought this Year: 52,114,335, Shares Sold this Year: 43,581,711"
"PFG (Principal Financial Group): Shares Bought this Year: 60,663,636, Shares Sold this Year: 42,732,082"
"PGR (Progressive): Shares Bought this Year: 176,625,855, Shares Sold this Year: 126,334,866"
"PLD (Prologis): Shares Bought this Year: 192,361,510, Shares Sold this Year: 108,994,444"
"PRU (Prudential Financial): Shares Bought this Year: 69,323,145, Shares Sold this Year: 59,111,939"
"PTC (PTC): Shares Bought this Year: 56,756,865, Shares Sold this Year: 42,726,628"
"PEG (Public Service Enterprise Group): Shares Bought this Year: 138,401,959, Shares Sold this Year: 96,895,656"
"PSA (Public Storage): Shares Bought this Year: 37,449,277, Shares Sold this Year: 30,069,604"
"PVH (PVH): Shares Bought this Year: 37,145,010, Shares Sold this Year: 24,274,693"
"QRVO (Qorvo): Shares Bought this Year: 41,380,581, Shares Sold this Year: 34,009,908"
"PWR (Quanta Services): Shares Bought this Year: 76,026,057, Shares Sold this Year: 60,768,087"
"DGX (Quest Diagnostics): Shares Bought this Year: 49,047,518, Shares Sold this Year: 38,425,690"
"RL (Ralph Lauren): Shares Bought this Year: 31,371,494, Shares Sold this Year: 30,471,131"
"RJF (Raymond James): Shares Bought this Year: 57,160,686, Shares Sold this Year: 23,014,145"
"RTX (Raytheon Technologies): Shares Bought this Year: 602,783,024, Shares Sold this Year: 120,586,754"
"O (Realty Income): Shares Bought this Year: 105,055,410, Shares Sold this Year: 65,307,568"
"REG (Regency Centers): Shares Bought this Year: 81,902,104, Shares Sold this Year: 52,069,708"
"REGN (Regeneron Pharmaceuticals): Shares Bought this Year: 34,152,988, Shares Sold this Year: 19,295,707"
"RF (Regions Financial): Shares Bought this Year: 290,205,860, Shares Sold this Year: 188,783,220"
"RSG (Republic Services): Shares Bought this Year: 59,805,102, Shares Sold this Year: 46,701,677"
"RMD (ResMed): Shares Bought this Year: 25,201,429, Shares Sold this Year: 14,950,417"
"RHI (Robert Half International): Shares Bought this Year: 53,292,960, Shares Sold this Year: 46,368,712"
"ROK (Rockwell Automation): Shares Bought this Year: 35,058,322, Shares Sold this Year: 23,439,909"
"ROL (Rollins): Shares Bought this Year: 72,799,248, Shares Sold this Year: 42,686,991"
"ROP (Roper Technologies): Shares Bought this Year: 29,004,810, Shares Sold this Year: 17,898,575"
"ROST (Ross Stores): Shares Bought this Year: 97,404,639, Shares Sold this Year: 88,900,048"
"RCL (Royal Caribbean Group): Shares Bought this Year: 91,139,204, Shares Sold this Year: 48,305,777"
"SPGI (S&P Global): Shares Bought this Year: 72,240,852, Shares Sold this Year: 42,229,672"
"CRM (salesforce.com): Shares Bought this Year: 217,556,630, Shares Sold this Year: 134,494,547"
"SBAC (SBA Communications): Shares Bought this Year: 34,241,062, Shares Sold this Year: 29,481,002"
"SLB (Schlumberger): Shares Bought this Year: 360,391,681, Shares Sold this Year: 354,852,350"
"SEE (Sealed Air): Shares Bought this Year: 54,086,598, Shares Sold this Year: 44,968,915"
"SRE (Sempra Energy): Shares Bought this Year: 83,844,118, Shares Sold this Year: 37,025,919"
"NOW (ServiceNow): Shares Bought this Year: 92,627,664, Shares Sold this Year: 71,500,364"
"SHW (Sherwin-Williams): Shares Bought this Year: 125,047,781, Shares Sold this Year: 14,838,925"
"SPG (Simon Property Group): Shares Bought this Year: 119,386,944, Shares Sold this Year: 93,017,260"
"SWKS (Skyworks Solutions): Shares Bought this Year: 47,312,485, Shares Sold this Year: 44,599,799"
"SNA (Snap-on): Shares Bought this Year: 20,370,547, Shares Sold this Year: 14,206,624"
"SO (Southern): Shares Bought this Year: 134,283,535, Shares Sold this Year: 106,769,509"
"SWK (Stanley Black & Decker): Shares Bought this Year: 51,432,047, Shares Sold this Year: 33,575,869"
"SBUX (Starbucks): Shares Bought this Year: 236,447,583, Shares Sold this Year: 178,224,159"
"STE (STERIS): Shares Bought this Year: 43,502,259, Shares Sold this Year: 21,076,588"
"SYK (Stryker): Shares Bought this Year: 66,626,652, Shares Sold this Year: 47,850,627"
"SIVB (SVB Financial Group): Shares Bought this Year: 22,936,215, Shares Sold this Year: 12,926,688"
"SYF (Synchrony Financial): Shares Bought this Year: 245,984,509, Shares Sold this Year: 210,436,238"
"SNPS (Synopsys): Shares Bought this Year: 44,917,745, Shares Sold this Year: 33,731,770"
"SYY (Sysco): Shares Bought this Year: 173,077,551, Shares Sold this Year: 116,272,792"
"TMUS (T-Mobile US): Shares Bought this Year: 416,105,919, Shares Sold this Year: 104,592,004"
"TROW (T. Rowe Price Group): Shares Bought this Year: 43,330,601, Shares Sold this Year: 36,235,597"
"TTWO (Take-Two Interactive Software): Shares Bought this Year: 53,671,519, Shares Sold this Year: 41,534,459"
"TPR (Tapestry): Shares Bought this Year: 161,756,118, Shares Sold this Year: 103,322,306"
"TGT (Target): Shares Bought this Year: 127,232,509, Shares Sold this Year: 100,386,156"
"TEL (TE Connectivity): Shares Bought this Year: 91,123,671, Shares Sold this Year: 63,251,501"
"TDY (Teledyne Technologies): Shares Bought this Year: 18,899,759, Shares Sold this Year: 11,246,850"
"TFX (Teleflex): Shares Bought this Year: 10,518,303, Shares Sold this Year: 8,009,029"
"TXN (Texas Instruments): Shares Bought this Year: 179,996,564, Shares Sold this Year: 160,178,500"
"TMO (Thermo Fisher Scientific): Shares Bought this Year: 81,862,235, Shares Sold this Year: 60,275,279"
"TJX (TJX Companies): Shares Bought this Year: 378,014,257, Shares Sold this Year: 246,475,937"
"TSCO (Tractor Supply): Shares Bought this Year: 55,754,541, Shares Sold this Year: 39,646,708"
"TT (Trane Technologies): Shares Bought this Year: 169,418,799, Shares Sold this Year: 29,958,090"
"TDG (TransDigm Group): Shares Bought this Year: 18,776,431, Shares Sold this Year: 17,978,567"
"TRV (Travelers Companies): Shares Bought this Year: 54,730,972, Shares Sold this Year: 52,629,064"
"TRMB (Trimble): Shares Bought this Year: 91,108,687, Shares Sold this Year: 78,682,568"
"TFC (Truist Financial): Shares Bought this Year: 753,347,541, Shares Sold this Year: 183,052,866"
"TSN (Tyson Foods): Shares Bought this Year: 85,089,570, Shares Sold this Year: 59,974,202"
"UDR (UDR): Shares Bought this Year: 92,217,271, Shares Sold this Year: 67,959,284"
"ULTA (Ulta Beauty): Shares Bought this Year: 25,760,024, Shares Sold this Year: 19,464,248"
"USB (U.S. Bancorp): Shares Bought this Year: 263,807,429, Shares Sold this Year: 232,780,197"
"UAA (Under Armour): Shares Bought this Year: 105,258,420, Shares Sold this Year: 91,297,496"
"UA (Under Armour): Shares Bought this Year: 71,531,709, Shares Sold this Year: 50,857,388"
"UNP (Union Pacific): Shares Bought this Year: 128,221,838, Shares Sold this Year: 108,095,758"
"UAL (United Airlines): Shares Bought this Year: 66,479,793, Shares Sold this Year: 49,075,605"
"UNH (UnitedHealth Group): Shares Bought this Year: 167,416,944, Shares Sold this Year: 110,405,880"
"UPS (United Parcel Service): Shares Bought this Year: 126,053,774, Shares Sold this Year: 85,699,647"
"URI (United Rentals): Shares Bought this Year: 33,763,831, Shares Sold this Year: 25,296,661"
"UHS (Universal Health Services): Shares Bought this Year: 29,852,950, Shares Sold this Year: 25,005,107"
"VLO (Valero Energy): Shares Bought this Year: 113,770,030, Shares Sold this Year: 99,921,652"
"VTR (Ventas): Shares Bought this Year: 138,832,473, Shares Sold this Year: 94,210,873"
"VRSN (VeriSign): Shares Bought this Year: 34,996,507, Shares Sold this Year: 23,502,847"
"VRSK (Verisk Analytics): Shares Bought this Year: 50,624,950, Shares Sold this Year: 37,427,347"
"VZ (Verizon Communications): Shares Bought this Year: 535,461,791, Shares Sold this Year: 490,227,139"
"VRTX (Vertex Pharmaceuticals): Shares Bought this Year: 88,495,713, Shares Sold this Year: 73,960,380"
"VIAC (ViacomCBS): Shares Bought this Year: 363,159,315, Shares Sold this Year: 184,287,900"
"VTRS (Viatris): Shares Bought this Year: 642,590,777, Shares Sold this Year: 29,590,706"
"V (Visa): Shares Bought this Year: 301,301,323, Shares Sold this Year: 217,206,651"
"VNO (Vornado Realty Trust): Shares Bought this Year: 102,388,559, Shares Sold this Year: 71,875,974"
"VMC (Vulcan Materials): Shares Bought this Year: 45,068,669, Shares Sold this Year: 31,464,064"
"WRB (W. R. Berkley): Shares Bought this Year: 43,371,681, Shares Sold this Year: 39,684,790"
"WMT (Walmart): Shares Bought this Year: 188,187,803, Shares Sold this Year: 131,559,759"
"WBA (Walgreens Boots Alliance): Shares Bought this Year: 167,726,883, Shares Sold this Year: 143,318,730"
"DIS (Walt Disney): Shares Bought this Year: 301,719,991, Shares Sold this Year: 272,080,849"
"WM (Waste Management): Shares Bought this Year: 99,960,125, Shares Sold this Year: 69,629,800"
"WAT (Waters): Shares Bought this Year: 17,661,708, Shares Sold this Year: 14,515,649"
"WFC (Wells Fargo & Company): Shares Bought this Year: 758,824,962, Shares Sold this Year: 582,030,061"
"WELL (Welltower): Shares Bought this Year: 150,514,369, Shares Sold this Year: 114,037,641"
"WST (West Pharmaceutical Services): Shares Bought this Year: 24,035,321, Shares Sold this Year: 19,124,607"
"WRK (WestRock): Shares Bought this Year: 127,881,413, Shares Sold this Year: 68,253,586"
"WY (Weyerhaeuser): Shares Bought this Year: 216,823,385, Shares Sold this Year: 150,495,554"
"WHR (Whirlpool): Shares Bought this Year: 24,297,751, Shares Sold this Year: 22,314,220"
"WMB (Williams Companies): Shares Bought this Year: 398,156,589, Shares Sold this Year: 327,128,033"
"WLTW (Willis Towers Watson Public): Shares Bought this Year: 66,230,930, Shares Sold this Year: 57,238,564"
"WYNN (Wynn Resorts): Shares Bought this Year: 36,915,797, Shares Sold this Year: 20,515,542"
"XEL (Xcel Energy): Shares Bought this Year: 122,682,291, Shares Sold this Year: 82,553,643"
"XLNX (Xilinx): Shares Bought this Year: 92,128,002, Shares Sold this Year: 84,310,437"
"XYL (Xylem): Shares Bought this Year: 54,400,222, Shares Sold this Year: 35,471,620"
"YUM (Yum! Brands): Shares Bought this Year: 79,128,710, Shares Sold this Year: 49,382,236"
"ZBRA (Zebra Technologies): Shares Bought this Year: 19,698,136, Shares Sold this Year: 14,937,467"
"ZBH (Zimmer Biomet): Shares Bought this Year: 79,816,157, Shares Sold this Year: 51,145,300"
"ZION (Zions Bancorporation, National Association): Shares Bought this Year: 87,998,416, Shares Sold this Year: 48,130,769"
